feature,importance
rainfall,0.23489408894707836
humidity,0.22224726656104224
K,0.1715429728325452
P,0.1533862304616034
N,0.10128966577867193
temperature,0.06805660007485352
ph,0.048583175344205476
